"button number"	"type"	"number"	"on"	"off ("	"ch/section"	"function"	"LED Y/N #"	"hex push / pot down"	"hex rel / pot up"
1	90	00	40	00	1	"REC Ready"	"Y"	"MP recv: c:1 s:30 d:90 00 40 06 00 00 00 00 00 00 00 00 00 00 00 00 00 00 00 00 00 00 00 00 00 00 00 00 00 00"	"MP recv: c:1 s:30 d:90 00 00 01 00 00 00 00 00 00 00 00 00 00 00 00 00 00 00 00 00 00 00 00 00 00 00 00 00 00"
2	90	01	40	00	1	"ins/send"	"Y"	"MP recv: c:1 s:30 d:90 01 40 01 00 00 00 00 00 00 00 00 00 00 00 00 00 00 00 00 00 00 00 00 00 00 00 00 00 00"	"MP recv: c:1 s:30 d:90 01 00 00 00 00 00 00 00 00 00 00 00 00 00 00 00 00 00 00 00 00 00 00 00 00 00 00 00 00"
3	90	02	40	00	1	"EQ in /edit"	"Y"	"MP recv: c:1 s:30 d:90 02 40 00 00 00 00 00 00 00 00 00 00 00 00 00 00 00 00 00 00 00 00 00 00 00 00 00 00 00"	"MP recv: c:1 s:30 d:90 02 00 21 00 00 00 00 00 00 00 00 00 00 00 00 00 00 00 00 00 00 00 00 00 00 00 00 00 00"
4	90	03	40	00	1	"Dyn in/edit"	"Y"	"MP recv: c:1 s:30 d:90 03 40 33 00 00 00 00 00 00 00 00 00 00 00 00 00 00 00 00 00 00 00 00 00 00 00 00 00 00"	"MP recv: c:1 s:30 d:90 03 00 60 00 00 00 00 00 00 00 00 00 00 00 00 00 00 00 00 00 00 00 00 00 00 00 00 00 00"
5	"b0"	40	40	00	1	"pan pot"		"MP recv: c:1 s:30 d:b0 40 3f 3a 00 00 00 00 00 00 00 00 00 00 00 00 00 00 00 00 00 00 00 00 00 00 00 00 00 00"	"MP recv: c:1 s:30 d:b0 40 41 06 00 00 00 00 00 00 00 00 00 00 00 00 00 00 00 00 00 00 00 00 00 00 00 00 00 00"
6	90	04	40	00	1	"pre/post assign/mute"	"y"	"MP recv: c:1 s:30 d:90 04 40 6f 00 00 00 00 00 00 00 00 00 00 00 00 00 00 00 00 00 00 00 00 00 00 00 00 00 00"	"MP recv: c:1 s:30 d:90 04 00 00 00 00 00 00 00 00 00 00 00 00 00 00 00 00 00 00 00 00 00 00 00 00 00 00 00 00"
7	90	05	40	00	1	"auto"	"y 5 (WR, TC, LT, TM, RD)"	"MP recv: c:1 s:30 d:90 05 40 00 00 00 00 00 00 00 00 00 00 00 00 00 00 00 00 00 00 00 00 00 00 00 00 00 00 00"	"MP recv: c:1 s:30 d:90 05 00 03 00 00 00 00 00 00 00 00 00 00 00 00 00 00 00 00 00 00 00 00 00 00 00 00 00 00"
8	90	06	40	00	1	"sel"	"Y"	"MP recv: c:1 s:30 d:90 06 40 5f 00 00 00 00 00 00 00 00 00 00 00 00 00 00 00 00 00 00 00 00 00 00 00 00 00 00"	"MP recv: c:1 s:30 d:90 06 00 6f 00 00 00 00 00 00 00 00 00 00 00 00 00 00 00 00 00 00 00 00 00 00 00 00 00 00"
9	90	07	40	00	1	"solo"	"Y"	"MP recv: c:1 s:30 d:90 07 40 06 00 00 00 00 00 00 00 00 00 00 00 00 00 00 00 00 00 00 00 00 00 00 00 00 00 00"	"MP recv: c:1 s:30 d:90 07 00 60 00 00 00 00 00 00 00 00 00 00 00 00 00 00 00 00 00 00 00 00 00 00 00 00 00 00"
10	90	08	40	00	1	"mute"	"Y"	"MP recv: c:1 s:30 d:90 08 40 60 00 00 00 00 00 00 00 00 00 00 00 00 00 00 00 00 00 00 00 00 00 00 00 00 00 00"	"MP recv: c:1 s:30 d:90 08 00 4f 00 00 00 00 00 00 00 00 00 00 00 00 00 00 00 00 00 00 00 00 00 00 00 00 00 00"
11	90	00	41	01	2	"REC Ready"	"Y"	"MP recv: c:1 s:30 d:90 00 41 3e 00 00 00 00 00 00 00 00 00 00 00 00 00 00 00 00 00 00 00 00 00 00 00 00 00 00"	"MP recv: c:1 s:30 d:90 00 01 00 00 00 00 00 00 00 00 00 00 00 00 00 00 00 00 00 00 00 00 00 00 00 00 00 00 00"
12	90	01	41	01	2	"ins/send"	"Y"	"MP recv: c:1 s:30 d:90 01 41 00 00 00 00 00 00 00 00 00 00 00 00 00 00 00 00 00 00 00 00 00 00 00 00 00 00 00"	"MP recv: c:1 s:30 d:90 01 01 5f 00 00 00 00 00 00 00 00 00 00 00 00 00 00 00 00 00 00 00 00 00 00 00 00 00 00"
13	90	02	41	01	2	"EQ in /edit"	"Y"	"MP recv: c:1 s:30 d:90 02 41 01 00 00 00 00 00 00 00 00 00 00 00 00 00 00 00 00 00 00 00 00 00 00 00 00 00 00"	"MP recv: c:1 s:30 d:90 02 01 e4 00 00 00 00 00 00 00 00 00 00 00 00 00 00 00 00 00 00 00 00 00 00 00 00 00 00"
14	90	03	41	01	2	"Dyn in/edit"	"Y"	"MP recv: c:1 s:30 d:90 03 41 a0 00 00 00 00 00 00 00 00 00 00 00 00 00 00 00 00 00 00 00 00 00 00 00 00 00 00"	"MP recv: c:1 s:30 d:90 03 01 60 00 00 00 00 00 00 00 00 00 00 00 00 00 00 00 00 00 00 00 00 00 00 00 00 00 00"
15	"b0"	41	41	01	2	"pan pot"		"MP recv: c:1 s:30 d:b0 41 3f a0 00 00 00 00 00 00 00 00 00 00 00 00 00 00 00 00 00 00 00 00 00 00 00 00 00 00"	"MP recv: c:1 s:30 d:b0 41 41 60 00 00 00 00 00 00 00 00 00 00 00 00 00 00 00 00 00 00 00 00 00 00 00 00 00 00"
16	90	04	41	01	2	"pre/post assign/mute"	"y"	"MP recv: c:1 s:30 d:90 04 41 00 00 00 00 00 00 00 00 00 00 00 00 00 00 00 00 00 00 00 00 00 00 00 00 00 00 00"	"MP recv: c:1 s:30 d:90 04 01 00 00 00 00 00 00 00 00 00 00 00 00 00 00 00 00 00 00 00 00 00 00 00 00 00 00 00"
17	90	05	41	01	2	"auto"	"y 5 (WR, TC, LT, TM, RD)"	"MP recv: c:1 s:30 d:90 05 41 00 00 00 00 00 00 00 00 00 00 00 00 00 00 00 00 00 00 00 00 00 00 00 00 00 00 00"	"MP recv: c:1 s:30 d:90 05 01 71 00 00 00 00 00 00 00 00 00 00 00 00 00 00 00 00 00 00 00 00 00 00 00 00 00 00"
18	90	06	41	01	2	"sel"	"Y"	"MP recv: c:1 s:30 d:90 06 41 00 00 00 00 00 00 00 00 00 00 00 00 00 00 00 00 00 00 00 00 00 00 00 00 00 00 00"	"MP recv: c:1 s:30 d:90 06 01 ff 00 00 00 00 00 00 00 00 00 00 00 00 00 00 00 00 00 00 00 00 00 00 00 00 00 00"
19	90	07	41	01	2	"solo"	"Y"	"MP recv: c:1 s:30 d:90 07 41 00 00 00 00 00 00 00 00 00 00 00 00 00 00 00 00 00 00 00 00 00 00 00 00 00 00 00"	"MP recv: c:1 s:30 d:90 07 01 a0 00 00 00 00 00 00 00 00 00 00 00 00 00 00 00 00 00 00 00 00 00 00 00 00 00 00"
20	90	08	41	01	2	"mute"	"Y"	"MP recv: c:1 s:30 d:90 08 41 a0 00 00 00 00 00 00 00 00 00 00 00 00 00 00 00 00 00 00 00 00 00 00 00 00 00 00"	"MP recv: c:1 s:30 d:90 08 01 5f 00 00 00 00 00 00 00 00 00 00 00 00 00 00 00 00 00 00 00 00 00 00 00 00 00 00"
21	90	00	42	02	3	"REC Ready"	"Y"	"MP recv: c:1 s:30 d:90 00 42 06 00 00 00 00 00 00 00 00 00 00 00 00 00 00 00 00 00 00 00 00 00 00 00 00 00 00"	"MP recv: c:1 s:30 d:90 00 02 00 00 00 00 00 00 00 00 00 00 00 00 00 00 00 00 00 00 00 00 00 00 00 00 00 00 00"
22	90	01	42	02	3	"ins/send"	"Y"	"MP recv: c:1 s:30 d:90 01 42 06 00 00 00 00 00 00 00 00 00 00 00 00 00 00 00 00 00 00 00 00 00 00 00 00 00 00"	"MP recv: c:1 s:30 d:90 01 02 06 00 00 00 00 00 00 00 00 00 00 00 00 00 00 00 00 00 00 00 00 00 00 00 00 00 00"
23	90	02	42	02	3	"EQ in /edit"	"Y"	"MP recv: c:1 s:30 d:90 02 42 5f 00 00 00 00 00 00 00 00 00 00 00 00 00 00 00 00 00 00 00 00 00 00 00 00 00 00"	"MP recv: c:1 s:30 d:90 02 02 00 00 00 00 00 00 00 00 00 00 00 00 00 00 00 00 00 00 00 00 00 00 00 00 00 00 00"
24	90	03	42	02	3	"Dyn in/edit"	"Y"	"MP recv: c:1 s:30 d:90 03 42 5f 00 00 00 00 00 00 00 00 00 00 00 00 00 00 00 00 00 00 00 00 00 00 00 00 00 00"	"MP recv: c:1 s:30 d:90 03 02 00 00 00 00 00 00 00 00 00 00 00 00 00 00 00 00 00 00 00 00 00 00 00 00 00 00 00"
25	"b0"	42	42	02	3	"pan pot"		"MP recv: c:1 s:30 d:b0 42 39 5f 00 00 00 00 00 00 00 00 00 00 00 00 00 00 00 00 00 00 00 00 00 00 00 00 00 00"	"MP recv: c:1 s:30 d:b0 42 48 00 00 00 00 00 00 00 00 00 00 00 00 00 00 00 00 00 00 00 00 00 00 00 00 00 00 00"
26	90	04	42	02	3	"pre/post assign/mute"	"y"	"MP recv: c:1 s:30 d:90 04 42 20 00 00 00 00 00 00 00 00 00 00 00 00 00 00 00 00 00 00 00 00 00 00 00 00 00 00"	"MP recv: c:1 s:30 d:90 04 02 20 00 00 00 00 00 00 00 00 00 00 00 00 00 00 00 00 00 00 00 00 00 00 00 00 00 00"
27	90	05	42	02	3	"auto"	"y 5 (WR, TC, LT, TM, RD)"	"MP recv: c:1 s:30 d:90 05 42 20 00 00 00 00 00 00 00 00 00 00 00 00 00 00 00 00 00 00 00 00 00 00 00 00 00 00"	"MP recv: c:1 s:30 d:90 05 02 20 00 00 00 00 00 00 00 00 00 00 00 00 00 00 00 00 00 00 00 00 00 00 00 00 00 00"
28	90	06	42	02	3	"sel"	"Y"	"MP recv: c:1 s:30 d:90 06 42 71 00 00 00 00 00 00 00 00 00 00 00 00 00 00 00 00 00 00 00 00 00 00 00 00 00 00"	"MP recv: c:1 s:30 d:90 06 02 ff 00 00 00 00 00 00 00 00 00 00 00 00 00 00 00 00 00 00 00 00 00 00 00 00 00 00"
29	90	07	42	02	3	"solo"	"Y"	"MP recv: c:1 s:30 d:90 07 42 70 00 00 00 00 00 00 00 00 00 00 00 00 00 00 00 00 00 00 00 00 00 00 00 00 00 00"	"MP recv: c:1 s:30 d:90 07 02 8b 00 00 00 00 00 00 00 00 00 00 00 00 00 00 00 00 00 00 00 00 00 00 00 00 00 00"
30	90	08	42	02	3	"mute"	"Y"	"MP recv: c:1 s:30 d:90 08 42 06 00 00 00 00 00 00 00 00 00 00 00 00 00 00 00 00 00 00 00 00 00 00 00 00 00 00"	"MP recv: c:1 s:30 d:90 08 02 06 00 00 00 00 00 00 00 00 00 00 00 00 00 00 00 00 00 00 00 00 00 00 00 00 00 00"
31	90	00	43	03	4	"REC Ready"	"Y"
32	90	01	43	03	4	"ins/send"	"Y"
33	90	02	43	03	4	"EQ in /edit"	"Y"
34	90	03	43	03	4	"Dyn in/edit"	"Y"
35	"b0"	43	43	03	4	"pan pot"
36	90	04	43	03	4	"pre/post assign/mute"	"y"
37	90	05	43	03	4	"auto"	"y 5 (WR, TC, LT, TM, RD)"
38	90	06	43	03	4	"sel"	"Y"
39	90	07	43	03	4	"solo"	"Y"
40	90	08	43	03	4	"mute"	"Y"
41	90	00	44	04	5	"REC Ready"	"Y"
42	90	01	44	04	5	"ins/send"	"Y"
43	90	02	44	04	5	"EQ in /edit"	"Y"
44	90	03	44	04	5	"Dyn in/edit"	"Y"
45	"b0"	44	44	04	5	"pan pot"
46	90	04	44	04	5	"pre/post assign/mute"	"y"
47	90	05	44	04	5	"auto"	"y 5 (WR, TC, LT, TM, RD)"
48	90	06	44	04	5	"sel"	"Y"
49	90	07	44	04	5	"solo"	"Y"
50	90	08	44	04	5	"mute"	"Y"
51	90	00	45	05	6	"REC Ready"	"Y"
52	90	01	45	05	6	"ins/send"	"Y"
53	90	02	45	05	6	"EQ in /edit"	"Y"
54	90	03	45	05	6	"Dyn in/edit"	"Y"
55	"b0"	45	45	05	6	"pan pot"
56	90	04	45	05	6	"pre/post assign/mute"	"y"
57	90	05	45	05	6	"auto"	"y 5 (WR, TC, LT, TM, RD)"
58	90	06	45	05	6	"sel"	"Y"
59	90	07	45	05	6	"solo"	"Y"
60	90	08	45	05	6	"mute"	"Y"
61	90	00	46	06	7	"REC Ready"	"Y"
62	90	01	46	06	7	"ins/send"	"Y"
63	90	02	46	06	7	"EQ in /edit"	"Y"
64	90	03	46	06	7	"Dyn in/edit"	"Y"
65	"b0"	46	46	06	7	"pan pot"
66	90	04	46	06	7	"pre/post assign/mute"	"y"
67	90	05	46	06	7	"auto"	"y 5 (WR, TC, LT, TM, RD)"
68	90	06	46	06	7	"sel"	"Y"
69	90	07	46	06	7	"solo"	"Y"
70	90	08	46	06	7	"mute"	"Y"
71	90	00	47	07	8	"REC Ready"	"Y"
72	90	01	47	07	8	"ins/send"	"Y"
73	90	02	47	07	8	"EQ in /edit"	"Y"
74	90	03	47	07	8	"Dyn in/edit"	"Y"
75	"b0"	47	47	07	8	"pan pot"
76	90	04	47	07	8	"pre/post assign/mute"	"y"
77	90	05	47	07	8	"auto"	"y 5 (WR, TC, LT, TM, RD)"
78	90	06	47	07	8	"sel"	"Y"
79	90	07	47	07	8	"solo"	"Y"
80	90	08	47	07	8	"mute"	"Y"	"MP recv: c:1 s:30 d:90 08 47 b5 00 00 00 00 00 00 00 00 00 00 00 00 00 00 00 00 00 00 00 00 00 00 00 00 00 00"	"MP recv: c:1 s:30 d:90 08 07 b6 00 00 00 00 00 00 00 00 00 00 00 00 00 00 00 00 00 00 00 00 00 00 00 00 00 00"
81	90	00	48	08	"utils leftof channel"	"Clr/F1"	"Y"	"MP recv: c:1 s:30 d:90 00 48 00 00 00 00 00 00 00 00 00 00 00 00 00 00 00 00 00 00 00 00 00 00 00 00 00 00 00"	"MP recv: c:1 s:30 d:90 00 08 a9 00 00 00 00 00 00 00 00 00 00 00 00 00 00 00 00 00 00 00 00 00 00 00 00 00 00"
82	90	01	48	08		"MSTR rec"	"Y"
83	90	02	48	08		"F2"	"Y"
84	90	03	48	08		"INS/ BYP"	"Y"
85	90	04	48	08		"F3"	"Y"
86	90	05	48	08		"In/Edit"	"Y"
87	90	06	48	08		"F4"	"Y"
88	90	07	48	08		"Default"	"Y"
89	90	08	48	08	"select assign"	"Pan"	"Y"
90	90	09	48	08		"Mon / Ø"	"Y"
91	90	"0a"	48	08		"input"	"Y"
92	90	"0b"	48	08		"output"	"Y"
93	90	"0c"	48	08		"assign"	"Y"
94	90	"0d"	48	08		"send mute"	"Y"
95	90	"0e"	48	08		"send a/f"	"Y"
96	90	"0f"	48	08		"send d/I"	"Y"
97	90	10	48	08		"send b/g"	"Y"
98	90	11	48	08		"send e/j"	"Y"
99	90	12	48	08		"send c/h"	"Y"
100	90	13	48	08		"FLIP"	"Y"
101	90	14	48	08		"solo clear"	"Y"
102	90	15	48	08		"auto suspend"	"Y"
103	90	16	48	08		"display mode"	"Y"
104	90	17	48	08	"automation mode"	"write"	"Y"
105	90	18	48	08	"automation enables"	"vol"	"Y"
106	90	19	48	08	"automation mode"	"touch"	"Y"
107	90	"1a"	48	08	"automation enables"	"pan"	"Y"
108	90	"1b"	48	08	"automation mode"	"latch"	"Y"
109	90	"1c"	48	08	"automation enables"	"mute"	"Y"
110	90	"1d"	48	08	"automation mode"	"trim"	"Y"
111	90	"1e"	48	08	"automation enables"	"send vol"	"Y"
112	90	"1f"	48	08	"automation mode"	"read"	"Y"
113	90	20	48	08	"automation enables"	"send mute"	"Y"	"MP recv: c:1 s:30 d:90 20 48 54 00 00 00 00 00 00 00 00 00 00 00 00 00 00 00 00 00 00 00 00 00 00 00 00 00 00"	"MP recv: c:1 s:30 d:90 20 08 a9 00 00 00 00 00 00 00 00 00 00 00 00 00 00 00 00 00 00 00 00 00 00 00 00 00 00"
114	90	21	48	08	"automation mode"	"off"	"Y"
115	90	22	48	08	"automation enables"	"plugin"	"Y"
116	90	23	48	08	"shortcuts"	"shift/add"	"N"
117	90	24	48	08	"shortcuts"	"opt(alt)ALL"	"N"
118	90	25	48	08	"shortcuts"	"CTL/CLUTCH"	"N"
119	90	26	48	08	"shortcuts"	"CMND/CTL"	"N"
120	90	00	"4d"	"0d"	"DSP Edit assign 1"	"select /auto"	"Y"
121	90	01	"4d"	"0d"	"DSP Edit assign 1"	"assign / enable"	"Y"
122	"b0"	"4d"			"DSP Edit assign 1"	"pot (encoder)"	"n"
123	90	02	"4d"	"0d"	"DSP Edit assign 1"	"bypass / in/out/Ø"	"Y"
124	90	00	"4e"	"0e"	"DSP Edit assign 2"	"select /auto"	"Y"
125	90	01	"4e"	"0e"	"DSP Edit assign 2"	"assign / enable"	"Y"
126	"b0"	"4e"			"DSP Edit assign 2"	"pot (encoder)"		"MP recv: c:1 s:30 d:b0 4d 3f 01 00 00 00 00 00 00 00 00 00 00 00 00 00 00 00 00 00 00 00 00 00 00 00 00 00 00"	"MP recv: c:1 s:30 d:b0 4d 41 10 00 00 00 00 00 00 00 00 00 00 00 00 00 00 00 00 00 00 00 00 00 00 00 00 00 00"
127	90	02	"4e"	"0e"	"DSP Edit assign 2"	"bypass / in/out/Ø"	"Y"
128	90	00	"4f"	"0f"	"DSP Edit assign 3"	"select /auto"	"Y"						"DSP Edit assign 2"	"select /auto"							"DSP Edit assign 2"	"select /auto"							"DSP Edit assign 2"	"select /auto"							"DSP Edit assign 2"	"select /auto"							"DSP Edit assign 2"	"select /auto"							"DSP Edit assign 2"	"select /auto"							"DSP Edit assign 2"	"select /auto"							"DSP Edit assign 2"	"select /auto"							"DSP Edit assign 2"	"select /auto"							"DSP Edit assign 2"	"select /auto"							"DSP Edit assign 2"	"select /auto"							"DSP Edit assign 2"	"select /auto"							"DSP Edit assign 2"	"select /auto"							"DSP Edit assign 2"	"select /auto"							"DSP Edit assign 2"	"select /auto"							"DSP Edit assign 2"	"select /auto"							"DSP Edit assign 2"	"select /auto"							"DSP Edit assign 2"	"select /auto"							"DSP Edit assign 2"	"select /auto"							"DSP Edit assign 2"	"select /auto"							"DSP Edit assign 2"	"select /auto"							"DSP Edit assign 2"	"select /auto"							"DSP Edit assign 2"	"select /auto"							"DSP Edit assign 2"	"select /auto"							"DSP Edit assign 2"	"select /auto"							"DSP Edit assign 2"	"select /auto"							"DSP Edit assign 2"	"select /auto"							"DSP Edit assign 2"	"select /auto"							"DSP Edit assign 2"	"select /auto"							"DSP Edit assign 2"	"select /auto"							"DSP Edit assign 2"	"select /auto"							"DSP Edit assign 2"	"select /auto"							"DSP Edit assign 2"	"select /auto"							"DSP Edit assign 2"	"select /auto"							"DSP Edit assign 2"	"select /auto"							"DSP Edit assign 2"	"select /auto"							"DSP Edit assign 2"	"select /auto"							"DSP Edit assign 2"	"select /auto"							"DSP Edit assign 2"	"select /auto"							"DSP Edit assign 2"	"select /auto"							"DSP Edit assign 2"	"select /auto"							"DSP Edit assign 2"	"select /auto"							"DSP Edit assign 2"	"select /auto"							"DSP Edit assign 2"	"select /auto"							"DSP Edit assign 2"	"select /auto"							"DSP Edit assign 2"	"select /auto"							"DSP Edit assign 2"	"select /auto"							"DSP Edit assign 2"	"select /auto"							"DSP Edit assign 2"	"select /auto"							"DSP Edit assign 2"	"select /auto"							"DSP Edit assign 2"	"select /auto"							"DSP Edit assign 2"	"select /auto"							"DSP Edit assign 2"	"select /auto"							"DSP Edit assign 2"	"select /auto"							"DSP Edit assign 2"	"select /auto"							"DSP Edit assign 2"	"select /auto"							"DSP Edit assign 2"	"select /auto"							"DSP Edit assign 2"	"select /auto"							"DSP Edit assign 2"	"select /auto"							"DSP Edit assign 2"	"select /auto"							"DSP Edit assign 2"	"select /auto"							"DSP Edit assign 2"	"select /auto"							"DSP Edit assign 2"	"select /auto"							"DSP Edit assign 2"	"select /auto"							"DSP Edit assign 2"	"select /auto"							"DSP Edit assign 2"	"select /auto"							"DSP Edit assign 2"	"select /auto"							"DSP Edit assign 2"	"select /auto"							"DSP Edit assign 2"	"select /auto"							"DSP Edit assign 2"	"select /auto"							"DSP Edit assign 2"	"select /auto"							"DSP Edit assign 2"	"select /auto"							"DSP Edit assign 2"	"select /auto"							"DSP Edit assign 2"	"select /auto"							"DSP Edit assign 2"	"select /auto"							"DSP Edit assign 2"	"select /auto"							"DSP Edit assign 2"	"select /auto"							"DSP Edit assign 2"	"select /auto"							"DSP Edit assign 2"	"select /auto"							"DSP Edit assign 2"	"select /auto"							"DSP Edit assign 2"	"select /auto"							"DSP Edit assign 2"	"select /auto"							"DSP Edit assign 2"	"select /auto"							"DSP Edit assign 2"	"select /auto"							"DSP Edit assign 2"	"select /auto"							"DSP Edit assign 2"	"select /auto"							"DSP Edit assign 2"	"select /auto"							"DSP Edit assign 2"	"select /auto"							"DSP Edit assign 2"	"select /auto"							"DSP Edit assign 2"	"select /auto"							"DSP Edit assign 2"	"select /auto"							"DSP Edit assign 2"	"select /auto"							"DSP Edit assign 2"	"select /auto"							"DSP Edit assign 2"	"select /auto"							"DSP Edit assign 2"	"select /auto"							"DSP Edit assign 2"	"select /auto"							"DSP Edit assign 2"	"select /auto"							"DSP Edit assign 2"	"select /auto"							"DSP Edit assign 2"	"select /auto"							"DSP Edit assign 2"	"select /auto"							"DSP Edit assign 2"	"select /auto"							"DSP Edit assign 2"	"select /auto"							"DSP Edit assign 2"	"select /auto"							"DSP Edit assign 2"	"select /auto"							"DSP Edit assign 2"	"select /auto"							"DSP Edit assign 2"	"select /auto"							"DSP Edit assign 2"	"select /auto"							"DSP Edit assign 2"	"select /auto"							"DSP Edit assign 2"	"select /auto"							"DSP Edit assign 2"	"select /auto"							"DSP Edit assign 2"	"select /auto"							"DSP Edit assign 2"	"select /auto"							"DSP Edit assign 2"	"select /auto"							"DSP Edit assign 2"	"select /auto"							"DSP Edit assign 2"	"select /auto"							"DSP Edit assign 2"	"select /auto"							"DSP Edit assign 2"	"select /auto"							"DSP Edit assign 2"	"select /auto"							"DSP Edit assign 2"	"select /auto"							"DSP Edit assign 2"	"select /auto"							"DSP Edit assign 2"	"select /auto"							"DSP Edit assign 2"	"select /auto"							"DSP Edit assign 2"	"select /auto"							"DSP Edit assign 2"	"select /auto"							"DSP Edit assign 2"	"select /auto"							"DSP Edit assign 2"	"select /auto"							"DSP Edit assign 2"	"select /auto"
129	90	01	"4f"	"0f"	"DSP Edit assign 3"	"assign / enable"	"Y"						"DSP Edit assign 2"	"assign / enable"							"DSP Edit assign 2"	"assign / enable"							"DSP Edit assign 2"	"assign / enable"							"DSP Edit assign 2"	"assign / enable"							"DSP Edit assign 2"	"assign / enable"							"DSP Edit assign 2"	"assign / enable"							"DSP Edit assign 2"	"assign / enable"							"DSP Edit assign 2"	"assign / enable"							"DSP Edit assign 2"	"assign / enable"							"DSP Edit assign 2"	"assign / enable"							"DSP Edit assign 2"	"assign / enable"							"DSP Edit assign 2"	"assign / enable"							"DSP Edit assign 2"	"assign / enable"							"DSP Edit assign 2"	"assign / enable"							"DSP Edit assign 2"	"assign / enable"							"DSP Edit assign 2"	"assign / enable"							"DSP Edit assign 2"	"assign / enable"							"DSP Edit assign 2"	"assign / enable"							"DSP Edit assign 2"	"assign / enable"							"DSP Edit assign 2"	"assign / enable"							"DSP Edit assign 2"	"assign / enable"							"DSP Edit assign 2"	"assign / enable"							"DSP Edit assign 2"	"assign / enable"							"DSP Edit assign 2"	"assign / enable"							"DSP Edit assign 2"	"assign / enable"							"DSP Edit assign 2"	"assign / enable"							"DSP Edit assign 2"	"assign / enable"							"DSP Edit assign 2"	"assign / enable"							"DSP Edit assign 2"	"assign / enable"							"DSP Edit assign 2"	"assign / enable"							"DSP Edit assign 2"	"assign / enable"							"DSP Edit assign 2"	"assign / enable"							"DSP Edit assign 2"	"assign / enable"							"DSP Edit assign 2"	"assign / enable"							"DSP Edit assign 2"	"assign / enable"							"DSP Edit assign 2"	"assign / enable"							"DSP Edit assign 2"	"assign / enable"							"DSP Edit assign 2"	"assign / enable"							"DSP Edit assign 2"	"assign / enable"							"DSP Edit assign 2"	"assign / enable"							"DSP Edit assign 2"	"assign / enable"							"DSP Edit assign 2"	"assign / enable"							"DSP Edit assign 2"	"assign / enable"							"DSP Edit assign 2"	"assign / enable"							"DSP Edit assign 2"	"assign / enable"							"DSP Edit assign 2"	"assign / enable"							"DSP Edit assign 2"	"assign / enable"							"DSP Edit assign 2"	"assign / enable"							"DSP Edit assign 2"	"assign / enable"							"DSP Edit assign 2"	"assign / enable"							"DSP Edit assign 2"	"assign / enable"							"DSP Edit assign 2"	"assign / enable"							"DSP Edit assign 2"	"assign / enable"							"DSP Edit assign 2"	"assign / enable"							"DSP Edit assign 2"	"assign / enable"							"DSP Edit assign 2"	"assign / enable"							"DSP Edit assign 2"	"assign / enable"							"DSP Edit assign 2"	"assign / enable"							"DSP Edit assign 2"	"assign / enable"							"DSP Edit assign 2"	"assign / enable"							"DSP Edit assign 2"	"assign / enable"							"DSP Edit assign 2"	"assign / enable"							"DSP Edit assign 2"	"assign / enable"							"DSP Edit assign 2"	"assign / enable"							"DSP Edit assign 2"	"assign / enable"							"DSP Edit assign 2"	"assign / enable"							"DSP Edit assign 2"	"assign / enable"							"DSP Edit assign 2"	"assign / enable"							"DSP Edit assign 2"	"assign / enable"							"DSP Edit assign 2"	"assign / enable"							"DSP Edit assign 2"	"assign / enable"							"DSP Edit assign 2"	"assign / enable"							"DSP Edit assign 2"	"assign / enable"							"DSP Edit assign 2"	"assign / enable"							"DSP Edit assign 2"	"assign / enable"							"DSP Edit assign 2"	"assign / enable"							"DSP Edit assign 2"	"assign / enable"							"DSP Edit assign 2"	"assign / enable"							"DSP Edit assign 2"	"assign / enable"							"DSP Edit assign 2"	"assign / enable"							"DSP Edit assign 2"	"assign / enable"							"DSP Edit assign 2"	"assign / enable"							"DSP Edit assign 2"	"assign / enable"							"DSP Edit assign 2"	"assign / enable"							"DSP Edit assign 2"	"assign / enable"							"DSP Edit assign 2"	"assign / enable"							"DSP Edit assign 2"	"assign / enable"							"DSP Edit assign 2"	"assign / enable"							"DSP Edit assign 2"	"assign / enable"							"DSP Edit assign 2"	"assign / enable"							"DSP Edit assign 2"	"assign / enable"							"DSP Edit assign 2"	"assign / enable"							"DSP Edit assign 2"	"assign / enable"							"DSP Edit assign 2"	"assign / enable"							"DSP Edit assign 2"	"assign / enable"							"DSP Edit assign 2"	"assign / enable"							"DSP Edit assign 2"	"assign / enable"							"DSP Edit assign 2"	"assign / enable"							"DSP Edit assign 2"	"assign / enable"							"DSP Edit assign 2"	"assign / enable"							"DSP Edit assign 2"	"assign / enable"							"DSP Edit assign 2"	"assign / enable"							"DSP Edit assign 2"	"assign / enable"							"DSP Edit assign 2"	"assign / enable"							"DSP Edit assign 2"	"assign / enable"							"DSP Edit assign 2"	"assign / enable"							"DSP Edit assign 2"	"assign / enable"							"DSP Edit assign 2"	"assign / enable"							"DSP Edit assign 2"	"assign / enable"							"DSP Edit assign 2"	"assign / enable"							"DSP Edit assign 2"	"assign / enable"							"DSP Edit assign 2"	"assign / enable"							"DSP Edit assign 2"	"assign / enable"							"DSP Edit assign 2"	"assign / enable"							"DSP Edit assign 2"	"assign / enable"							"DSP Edit assign 2"	"assign / enable"							"DSP Edit assign 2"	"assign / enable"							"DSP Edit assign 2"	"assign / enable"							"DSP Edit assign 2"	"assign / enable"							"DSP Edit assign 2"	"assign / enable"							"DSP Edit assign 2"	"assign / enable"							"DSP Edit assign 2"	"assign / enable"							"DSP Edit assign 2"	"assign / enable"							"DSP Edit assign 2"	"assign / enable"							"DSP Edit assign 2"	"assign / enable"							"DSP Edit assign 2"	"assign / enable"							"DSP Edit assign 2"	"assign / enable"
130	"b0"	"4f"				"pot (encoder)"
131	90	02	"4f"	"0f"	"DSP Edit assign 3"	"bypass / in/out/Ø"	"Y"						"DSP Edit assign 2"	"bypass / in/out/Ø"							"DSP Edit assign 2"	"bypass / in/out/Ø"							"DSP Edit assign 2"	"bypass / in/out/Ø"							"DSP Edit assign 2"	"bypass / in/out/Ø"							"DSP Edit assign 2"	"bypass / in/out/Ø"							"DSP Edit assign 2"	"bypass / in/out/Ø"							"DSP Edit assign 2"	"bypass / in/out/Ø"							"DSP Edit assign 2"	"bypass / in/out/Ø"							"DSP Edit assign 2"	"bypass / in/out/Ø"							"DSP Edit assign 2"	"bypass / in/out/Ø"							"DSP Edit assign 2"	"bypass / in/out/Ø"							"DSP Edit assign 2"	"bypass / in/out/Ø"							"DSP Edit assign 2"	"bypass / in/out/Ø"							"DSP Edit assign 2"	"bypass / in/out/Ø"							"DSP Edit assign 2"	"bypass / in/out/Ø"							"DSP Edit assign 2"	"bypass / in/out/Ø"							"DSP Edit assign 2"	"bypass / in/out/Ø"							"DSP Edit assign 2"	"bypass / in/out/Ø"							"DSP Edit assign 2"	"bypass / in/out/Ø"							"DSP Edit assign 2"	"bypass / in/out/Ø"							"DSP Edit assign 2"	"bypass / in/out/Ø"							"DSP Edit assign 2"	"bypass / in/out/Ø"							"DSP Edit assign 2"	"bypass / in/out/Ø"							"DSP Edit assign 2"	"bypass / in/out/Ø"							"DSP Edit assign 2"	"bypass / in/out/Ø"							"DSP Edit assign 2"	"bypass / in/out/Ø"							"DSP Edit assign 2"	"bypass / in/out/Ø"							"DSP Edit assign 2"	"bypass / in/out/Ø"							"DSP Edit assign 2"	"bypass / in/out/Ø"							"DSP Edit assign 2"	"bypass / in/out/Ø"							"DSP Edit assign 2"	"bypass / in/out/Ø"							"DSP Edit assign 2"	"bypass / in/out/Ø"							"DSP Edit assign 2"	"bypass / in/out/Ø"							"DSP Edit assign 2"	"bypass / in/out/Ø"							"DSP Edit assign 2"	"bypass / in/out/Ø"							"DSP Edit assign 2"	"bypass / in/out/Ø"							"DSP Edit assign 2"	"bypass / in/out/Ø"							"DSP Edit assign 2"	"bypass / in/out/Ø"							"DSP Edit assign 2"	"bypass / in/out/Ø"							"DSP Edit assign 2"	"bypass / in/out/Ø"							"DSP Edit assign 2"	"bypass / in/out/Ø"							"DSP Edit assign 2"	"bypass / in/out/Ø"							"DSP Edit assign 2"	"bypass / in/out/Ø"							"DSP Edit assign 2"	"bypass / in/out/Ø"							"DSP Edit assign 2"	"bypass / in/out/Ø"							"DSP Edit assign 2"	"bypass / in/out/Ø"							"DSP Edit assign 2"	"bypass / in/out/Ø"							"DSP Edit assign 2"	"bypass / in/out/Ø"							"DSP Edit assign 2"	"bypass / in/out/Ø"							"DSP Edit assign 2"	"bypass / in/out/Ø"							"DSP Edit assign 2"	"bypass / in/out/Ø"							"DSP Edit assign 2"	"bypass / in/out/Ø"							"DSP Edit assign 2"	"bypass / in/out/Ø"							"DSP Edit assign 2"	"bypass / in/out/Ø"							"DSP Edit assign 2"	"bypass / in/out/Ø"							"DSP Edit assign 2"	"bypass / in/out/Ø"							"DSP Edit assign 2"	"bypass / in/out/Ø"							"DSP Edit assign 2"	"bypass / in/out/Ø"							"DSP Edit assign 2"	"bypass / in/out/Ø"							"DSP Edit assign 2"	"bypass / in/out/Ø"							"DSP Edit assign 2"	"bypass / in/out/Ø"							"DSP Edit assign 2"	"bypass / in/out/Ø"							"DSP Edit assign 2"	"bypass / in/out/Ø"							"DSP Edit assign 2"	"bypass / in/out/Ø"							"DSP Edit assign 2"	"bypass / in/out/Ø"							"DSP Edit assign 2"	"bypass / in/out/Ø"							"DSP Edit assign 2"	"bypass / in/out/Ø"							"DSP Edit assign 2"	"bypass / in/out/Ø"							"DSP Edit assign 2"	"bypass / in/out/Ø"							"DSP Edit assign 2"	"bypass / in/out/Ø"							"DSP Edit assign 2"	"bypass / in/out/Ø"							"DSP Edit assign 2"	"bypass / in/out/Ø"							"DSP Edit assign 2"	"bypass / in/out/Ø"							"DSP Edit assign 2"	"bypass / in/out/Ø"							"DSP Edit assign 2"	"bypass / in/out/Ø"							"DSP Edit assign 2"	"bypass / in/out/Ø"							"DSP Edit assign 2"	"bypass / in/out/Ø"							"DSP Edit assign 2"	"bypass / in/out/Ø"							"DSP Edit assign 2"	"bypass / in/out/Ø"							"DSP Edit assign 2"	"bypass / in/out/Ø"							"DSP Edit assign 2"	"bypass / in/out/Ø"							"DSP Edit assign 2"	"bypass / in/out/Ø"							"DSP Edit assign 2"	"bypass / in/out/Ø"							"DSP Edit assign 2"	"bypass / in/out/Ø"							"DSP Edit assign 2"	"bypass / in/out/Ø"							"DSP Edit assign 2"	"bypass / in/out/Ø"							"DSP Edit assign 2"	"bypass / in/out/Ø"							"DSP Edit assign 2"	"bypass / in/out/Ø"							"DSP Edit assign 2"	"bypass / in/out/Ø"							"DSP Edit assign 2"	"bypass / in/out/Ø"							"DSP Edit assign 2"	"bypass / in/out/Ø"							"DSP Edit assign 2"	"bypass / in/out/Ø"							"DSP Edit assign 2"	"bypass / in/out/Ø"							"DSP Edit assign 2"	"bypass / in/out/Ø"							"DSP Edit assign 2"	"bypass / in/out/Ø"							"DSP Edit assign 2"	"bypass / in/out/Ø"							"DSP Edit assign 2"	"bypass / in/out/Ø"							"DSP Edit assign 2"	"bypass / in/out/Ø"							"DSP Edit assign 2"	"bypass / in/out/Ø"							"DSP Edit assign 2"	"bypass / in/out/Ø"							"DSP Edit assign 2"	"bypass / in/out/Ø"							"DSP Edit assign 2"	"bypass / in/out/Ø"							"DSP Edit assign 2"	"bypass / in/out/Ø"							"DSP Edit assign 2"	"bypass / in/out/Ø"							"DSP Edit assign 2"	"bypass / in/out/Ø"							"DSP Edit assign 2"	"bypass / in/out/Ø"							"DSP Edit assign 2"	"bypass / in/out/Ø"							"DSP Edit assign 2"	"bypass / in/out/Ø"							"DSP Edit assign 2"	"bypass / in/out/Ø"							"DSP Edit assign 2"	"bypass / in/out/Ø"							"DSP Edit assign 2"	"bypass / in/out/Ø"							"DSP Edit assign 2"	"bypass / in/out/Ø"							"DSP Edit assign 2"	"bypass / in/out/Ø"							"DSP Edit assign 2"	"bypass / in/out/Ø"							"DSP Edit assign 2"	"bypass / in/out/Ø"							"DSP Edit assign 2"	"bypass / in/out/Ø"							"DSP Edit assign 2"	"bypass / in/out/Ø"							"DSP Edit assign 2"	"bypass / in/out/Ø"							"DSP Edit assign 2"	"bypass / in/out/Ø"							"DSP Edit assign 2"	"bypass / in/out/Ø"							"DSP Edit assign 2"	"bypass / in/out/Ø"							"DSP Edit assign 2"	"bypass / in/out/Ø"							"DSP Edit assign 2"	"bypass / in/out/Ø"							"DSP Edit assign 2"	"bypass / in/out/Ø"							"DSP Edit assign 2"	"bypass / in/out/Ø"							"DSP Edit assign 2"	"bypass / in/out/Ø"							"DSP Edit assign 2"	"bypass / in/out/Ø"
132	90	00	50	10	"DSP Edit assign 4"	"select /auto"	"Y"
133	90	01	50	10	"DSP Edit assign 4"	"assign / enable"	"Y"
134	"b0"	50				"pot (encoder)"
135	90	02	50	10	"DSP Edit assign 4"	"bypass / in/out/Ø"	"Y"
136	90	00	51	11	"DSP Edit assign 5"	"select /auto"	"Y"
137	90	01	51	11	"DSP Edit assign 5"	"assign / enable"	"Y"
138	"b0"	51				"pot (encoder)"
139	90	02	51	11	"DSP Edit assign 5"	"bypass / in/out/Ø"	"Y"
140	90	00	52	12	"DSP Edit assign 6"	"select /auto"	"Y"						"DSP Edit assign 2"	"select /auto"							"DSP Edit assign 2"	"select /auto"							"DSP Edit assign 2"	"select /auto"							"DSP Edit assign 2"	"select /auto"							"DSP Edit assign 2"	"select /auto"							"DSP Edit assign 2"	"select /auto"							"DSP Edit assign 2"	"select /auto"							"DSP Edit assign 2"	"select /auto"							"DSP Edit assign 2"	"select /auto"							"DSP Edit assign 2"	"select /auto"							"DSP Edit assign 2"	"select /auto"							"DSP Edit assign 2"	"select /auto"							"DSP Edit assign 2"	"select /auto"							"DSP Edit assign 2"	"select /auto"							"DSP Edit assign 2"	"select /auto"							"DSP Edit assign 2"	"select /auto"							"DSP Edit assign 2"	"select /auto"							"DSP Edit assign 2"	"select /auto"							"DSP Edit assign 2"	"select /auto"							"DSP Edit assign 2"	"select /auto"							"DSP Edit assign 2"	"select /auto"							"DSP Edit assign 2"	"select /auto"							"DSP Edit assign 2"	"select /auto"							"DSP Edit assign 2"	"select /auto"							"DSP Edit assign 2"	"select /auto"							"DSP Edit assign 2"	"select /auto"							"DSP Edit assign 2"	"select /auto"							"DSP Edit assign 2"	"select /auto"							"DSP Edit assign 2"	"select /auto"							"DSP Edit assign 2"	"select /auto"							"DSP Edit assign 2"	"select /auto"							"DSP Edit assign 2"	"select /auto"							"DSP Edit assign 2"	"select /auto"							"DSP Edit assign 2"	"select /auto"							"DSP Edit assign 2"	"select /auto"							"DSP Edit assign 2"	"select /auto"							"DSP Edit assign 2"	"select /auto"							"DSP Edit assign 2"	"select /auto"							"DSP Edit assign 2"	"select /auto"							"DSP Edit assign 2"	"select /auto"							"DSP Edit assign 2"	"select /auto"							"DSP Edit assign 2"	"select /auto"							"DSP Edit assign 2"	"select /auto"							"DSP Edit assign 2"	"select /auto"							"DSP Edit assign 2"	"select /auto"							"DSP Edit assign 2"	"select /auto"							"DSP Edit assign 2"	"select /auto"							"DSP Edit assign 2"	"select /auto"							"DSP Edit assign 2"	"select /auto"							"DSP Edit assign 2"	"select /auto"							"DSP Edit assign 2"	"select /auto"							"DSP Edit assign 2"	"select /auto"							"DSP Edit assign 2"	"select /auto"							"DSP Edit assign 2"	"select /auto"							"DSP Edit assign 2"	"select /auto"							"DSP Edit assign 2"	"select /auto"							"DSP Edit assign 2"	"select /auto"							"DSP Edit assign 2"	"select /auto"							"DSP Edit assign 2"	"select /auto"							"DSP Edit assign 2"	"select /auto"							"DSP Edit assign 2"	"select /auto"							"DSP Edit assign 2"	"select /auto"							"DSP Edit assign 2"	"select /auto"							"DSP Edit assign 2"	"select /auto"							"DSP Edit assign 2"	"select /auto"							"DSP Edit assign 2"	"select /auto"							"DSP Edit assign 2"	"select /auto"							"DSP Edit assign 2"	"select /auto"							"DSP Edit assign 2"	"select /auto"							"DSP Edit assign 2"	"select /auto"							"DSP Edit assign 2"	"select /auto"							"DSP Edit assign 2"	"select /auto"							"DSP Edit assign 2"	"select /auto"							"DSP Edit assign 2"	"select /auto"							"DSP Edit assign 2"	"select /auto"							"DSP Edit assign 2"	"select /auto"							"DSP Edit assign 2"	"select /auto"							"DSP Edit assign 2"	"select /auto"							"DSP Edit assign 2"	"select /auto"							"DSP Edit assign 2"	"select /auto"							"DSP Edit assign 2"	"select /auto"							"DSP Edit assign 2"	"select /auto"							"DSP Edit assign 2"	"select /auto"							"DSP Edit assign 2"	"select /auto"							"DSP Edit assign 2"	"select /auto"							"DSP Edit assign 2"	"select /auto"							"DSP Edit assign 2"	"select /auto"							"DSP Edit assign 2"	"select /auto"							"DSP Edit assign 2"	"select /auto"							"DSP Edit assign 2"	"select /auto"							"DSP Edit assign 2"	"select /auto"							"DSP Edit assign 2"	"select /auto"							"DSP Edit assign 2"	"select /auto"							"DSP Edit assign 2"	"select /auto"							"DSP Edit assign 2"	"select /auto"							"DSP Edit assign 2"	"select /auto"							"DSP Edit assign 2"	"select /auto"							"DSP Edit assign 2"	"select /auto"							"DSP Edit assign 2"	"select /auto"							"DSP Edit assign 2"	"select /auto"							"DSP Edit assign 2"	"select /auto"							"DSP Edit assign 2"	"select /auto"							"DSP Edit assign 2"	"select /auto"							"DSP Edit assign 2"	"select /auto"							"DSP Edit assign 2"	"select /auto"							"DSP Edit assign 2"	"select /auto"							"DSP Edit assign 2"	"select /auto"							"DSP Edit assign 2"	"select /auto"							"DSP Edit assign 2"	"select /auto"							"DSP Edit assign 2"	"select /auto"							"DSP Edit assign 2"	"select /auto"							"DSP Edit assign 2"	"select /auto"							"DSP Edit assign 2"	"select /auto"							"DSP Edit assign 2"	"select /auto"							"DSP Edit assign 2"	"select /auto"							"DSP Edit assign 2"	"select /auto"							"DSP Edit assign 2"	"select /auto"							"DSP Edit assign 2"	"select /auto"							"DSP Edit assign 2"	"select /auto"							"DSP Edit assign 2"	"select /auto"							"DSP Edit assign 2"	"select /auto"							"DSP Edit assign 2"	"select /auto"							"DSP Edit assign 2"	"select /auto"							"DSP Edit assign 2"	"select /auto"							"DSP Edit assign 2"	"select /auto"							"DSP Edit assign 2"	"select /auto"							"DSP Edit assign 2"	"select /auto"
141	90	01	52	12	"DSP Edit assign 6"	"assign / enable"	"Y"						"DSP Edit assign 2"	"assign / enable"							"DSP Edit assign 2"	"assign / enable"							"DSP Edit assign 2"	"assign / enable"							"DSP Edit assign 2"	"assign / enable"							"DSP Edit assign 2"	"assign / enable"							"DSP Edit assign 2"	"assign / enable"							"DSP Edit assign 2"	"assign / enable"							"DSP Edit assign 2"	"assign / enable"							"DSP Edit assign 2"	"assign / enable"							"DSP Edit assign 2"	"assign / enable"							"DSP Edit assign 2"	"assign / enable"							"DSP Edit assign 2"	"assign / enable"							"DSP Edit assign 2"	"assign / enable"							"DSP Edit assign 2"	"assign / enable"							"DSP Edit assign 2"	"assign / enable"							"DSP Edit assign 2"	"assign / enable"							"DSP Edit assign 2"	"assign / enable"							"DSP Edit assign 2"	"assign / enable"							"DSP Edit assign 2"	"assign / enable"							"DSP Edit assign 2"	"assign / enable"							"DSP Edit assign 2"	"assign / enable"							"DSP Edit assign 2"	"assign / enable"							"DSP Edit assign 2"	"assign / enable"							"DSP Edit assign 2"	"assign / enable"							"DSP Edit assign 2"	"assign / enable"							"DSP Edit assign 2"	"assign / enable"							"DSP Edit assign 2"	"assign / enable"							"DSP Edit assign 2"	"assign / enable"							"DSP Edit assign 2"	"assign / enable"							"DSP Edit assign 2"	"assign / enable"							"DSP Edit assign 2"	"assign / enable"							"DSP Edit assign 2"	"assign / enable"							"DSP Edit assign 2"	"assign / enable"							"DSP Edit assign 2"	"assign / enable"							"DSP Edit assign 2"	"assign / enable"							"DSP Edit assign 2"	"assign / enable"							"DSP Edit assign 2"	"assign / enable"							"DSP Edit assign 2"	"assign / enable"							"DSP Edit assign 2"	"assign / enable"							"DSP Edit assign 2"	"assign / enable"							"DSP Edit assign 2"	"assign / enable"							"DSP Edit assign 2"	"assign / enable"							"DSP Edit assign 2"	"assign / enable"							"DSP Edit assign 2"	"assign / enable"							"DSP Edit assign 2"	"assign / enable"							"DSP Edit assign 2"	"assign / enable"							"DSP Edit assign 2"	"assign / enable"							"DSP Edit assign 2"	"assign / enable"							"DSP Edit assign 2"	"assign / enable"							"DSP Edit assign 2"	"assign / enable"							"DSP Edit assign 2"	"assign / enable"							"DSP Edit assign 2"	"assign / enable"							"DSP Edit assign 2"	"assign / enable"							"DSP Edit assign 2"	"assign / enable"							"DSP Edit assign 2"	"assign / enable"							"DSP Edit assign 2"	"assign / enable"							"DSP Edit assign 2"	"assign / enable"							"DSP Edit assign 2"	"assign / enable"							"DSP Edit assign 2"	"assign / enable"							"DSP Edit assign 2"	"assign / enable"							"DSP Edit assign 2"	"assign / enable"							"DSP Edit assign 2"	"assign / enable"							"DSP Edit assign 2"	"assign / enable"							"DSP Edit assign 2"	"assign / enable"							"DSP Edit assign 2"	"assign / enable"							"DSP Edit assign 2"	"assign / enable"							"DSP Edit assign 2"	"assign / enable"							"DSP Edit assign 2"	"assign / enable"							"DSP Edit assign 2"	"assign / enable"							"DSP Edit assign 2"	"assign / enable"							"DSP Edit assign 2"	"assign / enable"							"DSP Edit assign 2"	"assign / enable"							"DSP Edit assign 2"	"assign / enable"							"DSP Edit assign 2"	"assign / enable"							"DSP Edit assign 2"	"assign / enable"							"DSP Edit assign 2"	"assign / enable"							"DSP Edit assign 2"	"assign / enable"							"DSP Edit assign 2"	"assign / enable"							"DSP Edit assign 2"	"assign / enable"							"DSP Edit assign 2"	"assign / enable"							"DSP Edit assign 2"	"assign / enable"							"DSP Edit assign 2"	"assign / enable"							"DSP Edit assign 2"	"assign / enable"							"DSP Edit assign 2"	"assign / enable"							"DSP Edit assign 2"	"assign / enable"							"DSP Edit assign 2"	"assign / enable"							"DSP Edit assign 2"	"assign / enable"							"DSP Edit assign 2"	"assign / enable"							"DSP Edit assign 2"	"assign / enable"							"DSP Edit assign 2"	"assign / enable"							"DSP Edit assign 2"	"assign / enable"							"DSP Edit assign 2"	"assign / enable"							"DSP Edit assign 2"	"assign / enable"							"DSP Edit assign 2"	"assign / enable"							"DSP Edit assign 2"	"assign / enable"							"DSP Edit assign 2"	"assign / enable"							"DSP Edit assign 2"	"assign / enable"							"DSP Edit assign 2"	"assign / enable"							"DSP Edit assign 2"	"assign / enable"							"DSP Edit assign 2"	"assign / enable"							"DSP Edit assign 2"	"assign / enable"							"DSP Edit assign 2"	"assign / enable"							"DSP Edit assign 2"	"assign / enable"							"DSP Edit assign 2"	"assign / enable"							"DSP Edit assign 2"	"assign / enable"							"DSP Edit assign 2"	"assign / enable"							"DSP Edit assign 2"	"assign / enable"							"DSP Edit assign 2"	"assign / enable"							"DSP Edit assign 2"	"assign / enable"							"DSP Edit assign 2"	"assign / enable"							"DSP Edit assign 2"	"assign / enable"							"DSP Edit assign 2"	"assign / enable"							"DSP Edit assign 2"	"assign / enable"							"DSP Edit assign 2"	"assign / enable"							"DSP Edit assign 2"	"assign / enable"							"DSP Edit assign 2"	"assign / enable"							"DSP Edit assign 2"	"assign / enable"							"DSP Edit assign 2"	"assign / enable"							"DSP Edit assign 2"	"assign / enable"							"DSP Edit assign 2"	"assign / enable"							"DSP Edit assign 2"	"assign / enable"							"DSP Edit assign 2"	"assign / enable"							"DSP Edit assign 2"	"assign / enable"							"DSP Edit assign 2"	"assign / enable"							"DSP Edit assign 2"	"assign / enable"							"DSP Edit assign 2"	"assign / enable"							"DSP Edit assign 2"	"assign / enable"
142	"b0"	52				"pot (encoder)"
143	90	02	52	12	"DSP Edit assign 6"	"bypass / in/out/Ø"	"Y"						"DSP Edit assign 2"	"bypass / in/out/Ø"							"DSP Edit assign 2"	"bypass / in/out/Ø"							"DSP Edit assign 2"	"bypass / in/out/Ø"							"DSP Edit assign 2"	"bypass / in/out/Ø"							"DSP Edit assign 2"	"bypass / in/out/Ø"							"DSP Edit assign 2"	"bypass / in/out/Ø"							"DSP Edit assign 2"	"bypass / in/out/Ø"							"DSP Edit assign 2"	"bypass / in/out/Ø"							"DSP Edit assign 2"	"bypass / in/out/Ø"							"DSP Edit assign 2"	"bypass / in/out/Ø"							"DSP Edit assign 2"	"bypass / in/out/Ø"							"DSP Edit assign 2"	"bypass / in/out/Ø"							"DSP Edit assign 2"	"bypass / in/out/Ø"							"DSP Edit assign 2"	"bypass / in/out/Ø"							"DSP Edit assign 2"	"bypass / in/out/Ø"							"DSP Edit assign 2"	"bypass / in/out/Ø"							"DSP Edit assign 2"	"bypass / in/out/Ø"							"DSP Edit assign 2"	"bypass / in/out/Ø"							"DSP Edit assign 2"	"bypass / in/out/Ø"							"DSP Edit assign 2"	"bypass / in/out/Ø"							"DSP Edit assign 2"	"bypass / in/out/Ø"							"DSP Edit assign 2"	"bypass / in/out/Ø"							"DSP Edit assign 2"	"bypass / in/out/Ø"							"DSP Edit assign 2"	"bypass / in/out/Ø"							"DSP Edit assign 2"	"bypass / in/out/Ø"							"DSP Edit assign 2"	"bypass / in/out/Ø"							"DSP Edit assign 2"	"bypass / in/out/Ø"							"DSP Edit assign 2"	"bypass / in/out/Ø"							"DSP Edit assign 2"	"bypass / in/out/Ø"							"DSP Edit assign 2"	"bypass / in/out/Ø"							"DSP Edit assign 2"	"bypass / in/out/Ø"							"DSP Edit assign 2"	"bypass / in/out/Ø"							"DSP Edit assign 2"	"bypass / in/out/Ø"							"DSP Edit assign 2"	"bypass / in/out/Ø"							"DSP Edit assign 2"	"bypass / in/out/Ø"							"DSP Edit assign 2"	"bypass / in/out/Ø"							"DSP Edit assign 2"	"bypass / in/out/Ø"							"DSP Edit assign 2"	"bypass / in/out/Ø"							"DSP Edit assign 2"	"bypass / in/out/Ø"							"DSP Edit assign 2"	"bypass / in/out/Ø"							"DSP Edit assign 2"	"bypass / in/out/Ø"							"DSP Edit assign 2"	"bypass / in/out/Ø"							"DSP Edit assign 2"	"bypass / in/out/Ø"							"DSP Edit assign 2"	"bypass / in/out/Ø"							"DSP Edit assign 2"	"bypass / in/out/Ø"							"DSP Edit assign 2"	"bypass / in/out/Ø"							"DSP Edit assign 2"	"bypass / in/out/Ø"							"DSP Edit assign 2"	"bypass / in/out/Ø"							"DSP Edit assign 2"	"bypass / in/out/Ø"							"DSP Edit assign 2"	"bypass / in/out/Ø"							"DSP Edit assign 2"	"bypass / in/out/Ø"							"DSP Edit assign 2"	"bypass / in/out/Ø"							"DSP Edit assign 2"	"bypass / in/out/Ø"							"DSP Edit assign 2"	"bypass / in/out/Ø"							"DSP Edit assign 2"	"bypass / in/out/Ø"							"DSP Edit assign 2"	"bypass / in/out/Ø"							"DSP Edit assign 2"	"bypass / in/out/Ø"							"DSP Edit assign 2"	"bypass / in/out/Ø"							"DSP Edit assign 2"	"bypass / in/out/Ø"							"DSP Edit assign 2"	"bypass / in/out/Ø"							"DSP Edit assign 2"	"bypass / in/out/Ø"							"DSP Edit assign 2"	"bypass / in/out/Ø"							"DSP Edit assign 2"	"bypass / in/out/Ø"							"DSP Edit assign 2"	"bypass / in/out/Ø"							"DSP Edit assign 2"	"bypass / in/out/Ø"							"DSP Edit assign 2"	"bypass / in/out/Ø"							"DSP Edit assign 2"	"bypass / in/out/Ø"							"DSP Edit assign 2"	"bypass / in/out/Ø"							"DSP Edit assign 2"	"bypass / in/out/Ø"							"DSP Edit assign 2"	"bypass / in/out/Ø"							"DSP Edit assign 2"	"bypass / in/out/Ø"							"DSP Edit assign 2"	"bypass / in/out/Ø"							"DSP Edit assign 2"	"bypass / in/out/Ø"							"DSP Edit assign 2"	"bypass / in/out/Ø"							"DSP Edit assign 2"	"bypass / in/out/Ø"							"DSP Edit assign 2"	"bypass / in/out/Ø"							"DSP Edit assign 2"	"bypass / in/out/Ø"							"DSP Edit assign 2"	"bypass / in/out/Ø"							"DSP Edit assign 2"	"bypass / in/out/Ø"							"DSP Edit assign 2"	"bypass / in/out/Ø"							"DSP Edit assign 2"	"bypass / in/out/Ø"							"DSP Edit assign 2"	"bypass / in/out/Ø"							"DSP Edit assign 2"	"bypass / in/out/Ø"							"DSP Edit assign 2"	"bypass / in/out/Ø"							"DSP Edit assign 2"	"bypass / in/out/Ø"							"DSP Edit assign 2"	"bypass / in/out/Ø"							"DSP Edit assign 2"	"bypass / in/out/Ø"							"DSP Edit assign 2"	"bypass / in/out/Ø"							"DSP Edit assign 2"	"bypass / in/out/Ø"							"DSP Edit assign 2"	"bypass / in/out/Ø"							"DSP Edit assign 2"	"bypass / in/out/Ø"							"DSP Edit assign 2"	"bypass / in/out/Ø"							"DSP Edit assign 2"	"bypass / in/out/Ø"							"DSP Edit assign 2"	"bypass / in/out/Ø"							"DSP Edit assign 2"	"bypass / in/out/Ø"							"DSP Edit assign 2"	"bypass / in/out/Ø"							"DSP Edit assign 2"	"bypass / in/out/Ø"							"DSP Edit assign 2"	"bypass / in/out/Ø"							"DSP Edit assign 2"	"bypass / in/out/Ø"							"DSP Edit assign 2"	"bypass / in/out/Ø"							"DSP Edit assign 2"	"bypass / in/out/Ø"							"DSP Edit assign 2"	"bypass / in/out/Ø"							"DSP Edit assign 2"	"bypass / in/out/Ø"							"DSP Edit assign 2"	"bypass / in/out/Ø"							"DSP Edit assign 2"	"bypass / in/out/Ø"							"DSP Edit assign 2"	"bypass / in/out/Ø"							"DSP Edit assign 2"	"bypass / in/out/Ø"							"DSP Edit assign 2"	"bypass / in/out/Ø"							"DSP Edit assign 2"	"bypass / in/out/Ø"							"DSP Edit assign 2"	"bypass / in/out/Ø"							"DSP Edit assign 2"	"bypass / in/out/Ø"							"DSP Edit assign 2"	"bypass / in/out/Ø"							"DSP Edit assign 2"	"bypass / in/out/Ø"							"DSP Edit assign 2"	"bypass / in/out/Ø"							"DSP Edit assign 2"	"bypass / in/out/Ø"							"DSP Edit assign 2"	"bypass / in/out/Ø"							"DSP Edit assign 2"	"bypass / in/out/Ø"							"DSP Edit assign 2"	"bypass / in/out/Ø"							"DSP Edit assign 2"	"bypass / in/out/Ø"							"DSP Edit assign 2"	"bypass / in/out/Ø"							"DSP Edit assign 2"	"bypass / in/out/Ø"							"DSP Edit assign 2"	"bypass / in/out/Ø"							"DSP Edit assign 2"	"bypass / in/out/Ø"							"DSP Edit assign 2"	"bypass / in/out/Ø"							"DSP Edit assign 2"	"bypass / in/out/Ø"							"DSP Edit assign 2"	"bypass / in/out/Ø"							"DSP Edit assign 2"	"bypass / in/out/Ø"
144	90	00	53	13	"DSP Edit assign 7"	"select /auto"	"Y"
145	90	01	53	13	"DSP Edit assign 7"	"assign / enable"	"Y"
146	"b0"	53				"pot (encoder)"
147	90	02	53	13	"DSP Edit assign 7"	"bypass / in/out/Ø"	"Y"
148	90	00	54	14	"DSP Edit assign 8"	"select /auto"	"Y"						"DSP Edit assign 2"	"select /auto"							"DSP Edit assign 2"	"select /auto"							"DSP Edit assign 2"	"select /auto"							"DSP Edit assign 2"	"select /auto"							"DSP Edit assign 2"	"select /auto"							"DSP Edit assign 2"	"select /auto"							"DSP Edit assign 2"	"select /auto"							"DSP Edit assign 2"	"select /auto"							"DSP Edit assign 2"	"select /auto"							"DSP Edit assign 2"	"select /auto"							"DSP Edit assign 2"	"select /auto"							"DSP Edit assign 2"	"select /auto"							"DSP Edit assign 2"	"select /auto"							"DSP Edit assign 2"	"select /auto"							"DSP Edit assign 2"	"select /auto"							"DSP Edit assign 2"	"select /auto"							"DSP Edit assign 2"	"select /auto"							"DSP Edit assign 2"	"select /auto"							"DSP Edit assign 2"	"select /auto"							"DSP Edit assign 2"	"select /auto"							"DSP Edit assign 2"	"select /auto"							"DSP Edit assign 2"	"select /auto"							"DSP Edit assign 2"	"select /auto"							"DSP Edit assign 2"	"select /auto"							"DSP Edit assign 2"	"select /auto"							"DSP Edit assign 2"	"select /auto"							"DSP Edit assign 2"	"select /auto"							"DSP Edit assign 2"	"select /auto"							"DSP Edit assign 2"	"select /auto"							"DSP Edit assign 2"	"select /auto"							"DSP Edit assign 2"	"select /auto"							"DSP Edit assign 2"	"select /auto"							"DSP Edit assign 2"	"select /auto"							"DSP Edit assign 2"	"select /auto"							"DSP Edit assign 2"	"select /auto"							"DSP Edit assign 2"	"select /auto"							"DSP Edit assign 2"	"select /auto"							"DSP Edit assign 2"	"select /auto"							"DSP Edit assign 2"	"select /auto"							"DSP Edit assign 2"	"select /auto"							"DSP Edit assign 2"	"select /auto"							"DSP Edit assign 2"	"select /auto"							"DSP Edit assign 2"	"select /auto"							"DSP Edit assign 2"	"select /auto"							"DSP Edit assign 2"	"select /auto"							"DSP Edit assign 2"	"select /auto"							"DSP Edit assign 2"	"select /auto"							"DSP Edit assign 2"	"select /auto"							"DSP Edit assign 2"	"select /auto"							"DSP Edit assign 2"	"select /auto"							"DSP Edit assign 2"	"select /auto"							"DSP Edit assign 2"	"select /auto"							"DSP Edit assign 2"	"select /auto"							"DSP Edit assign 2"	"select /auto"							"DSP Edit assign 2"	"select /auto"							"DSP Edit assign 2"	"select /auto"							"DSP Edit assign 2"	"select /auto"							"DSP Edit assign 2"	"select /auto"							"DSP Edit assign 2"	"select /auto"							"DSP Edit assign 2"	"select /auto"							"DSP Edit assign 2"	"select /auto"							"DSP Edit assign 2"	"select /auto"							"DSP Edit assign 2"	"select /auto"							"DSP Edit assign 2"	"select /auto"							"DSP Edit assign 2"	"select /auto"							"DSP Edit assign 2"	"select /auto"							"DSP Edit assign 2"	"select /auto"							"DSP Edit assign 2"	"select /auto"							"DSP Edit assign 2"	"select /auto"							"DSP Edit assign 2"	"select /auto"							"DSP Edit assign 2"	"select /auto"							"DSP Edit assign 2"	"select /auto"							"DSP Edit assign 2"	"select /auto"							"DSP Edit assign 2"	"select /auto"							"DSP Edit assign 2"	"select /auto"							"DSP Edit assign 2"	"select /auto"							"DSP Edit assign 2"	"select /auto"							"DSP Edit assign 2"	"select /auto"							"DSP Edit assign 2"	"select /auto"							"DSP Edit assign 2"	"select /auto"							"DSP Edit assign 2"	"select /auto"							"DSP Edit assign 2"	"select /auto"							"DSP Edit assign 2"	"select /auto"							"DSP Edit assign 2"	"select /auto"							"DSP Edit assign 2"	"select /auto"							"DSP Edit assign 2"	"select /auto"							"DSP Edit assign 2"	"select /auto"							"DSP Edit assign 2"	"select /auto"							"DSP Edit assign 2"	"select /auto"							"DSP Edit assign 2"	"select /auto"							"DSP Edit assign 2"	"select /auto"							"DSP Edit assign 2"	"select /auto"							"DSP Edit assign 2"	"select /auto"							"DSP Edit assign 2"	"select /auto"							"DSP Edit assign 2"	"select /auto"							"DSP Edit assign 2"	"select /auto"							"DSP Edit assign 2"	"select /auto"							"DSP Edit assign 2"	"select /auto"							"DSP Edit assign 2"	"select /auto"							"DSP Edit assign 2"	"select /auto"							"DSP Edit assign 2"	"select /auto"							"DSP Edit assign 2"	"select /auto"							"DSP Edit assign 2"	"select /auto"							"DSP Edit assign 2"	"select /auto"							"DSP Edit assign 2"	"select /auto"							"DSP Edit assign 2"	"select /auto"							"DSP Edit assign 2"	"select /auto"							"DSP Edit assign 2"	"select /auto"							"DSP Edit assign 2"	"select /auto"							"DSP Edit assign 2"	"select /auto"							"DSP Edit assign 2"	"select /auto"							"DSP Edit assign 2"	"select /auto"							"DSP Edit assign 2"	"select /auto"							"DSP Edit assign 2"	"select /auto"							"DSP Edit assign 2"	"select /auto"							"DSP Edit assign 2"	"select /auto"							"DSP Edit assign 2"	"select /auto"							"DSP Edit assign 2"	"select /auto"							"DSP Edit assign 2"	"select /auto"							"DSP Edit assign 2"	"select /auto"							"DSP Edit assign 2"	"select /auto"							"DSP Edit assign 2"	"select /auto"							"DSP Edit assign 2"	"select /auto"							"DSP Edit assign 2"	"select /auto"							"DSP Edit assign 2"	"select /auto"							"DSP Edit assign 2"	"select /auto"							"DSP Edit assign 2"	"select /auto"
149	90	01	54	14	"DSP Edit assign 8"	"assign / enable"	"Y"						"DSP Edit assign 2"	"assign / enable"							"DSP Edit assign 2"	"assign / enable"							"DSP Edit assign 2"	"assign / enable"							"DSP Edit assign 2"	"assign / enable"							"DSP Edit assign 2"	"assign / enable"							"DSP Edit assign 2"	"assign / enable"							"DSP Edit assign 2"	"assign / enable"							"DSP Edit assign 2"	"assign / enable"							"DSP Edit assign 2"	"assign / enable"							"DSP Edit assign 2"	"assign / enable"							"DSP Edit assign 2"	"assign / enable"							"DSP Edit assign 2"	"assign / enable"							"DSP Edit assign 2"	"assign / enable"							"DSP Edit assign 2"	"assign / enable"							"DSP Edit assign 2"	"assign / enable"							"DSP Edit assign 2"	"assign / enable"							"DSP Edit assign 2"	"assign / enable"							"DSP Edit assign 2"	"assign / enable"							"DSP Edit assign 2"	"assign / enable"							"DSP Edit assign 2"	"assign / enable"							"DSP Edit assign 2"	"assign / enable"							"DSP Edit assign 2"	"assign / enable"							"DSP Edit assign 2"	"assign / enable"							"DSP Edit assign 2"	"assign / enable"							"DSP Edit assign 2"	"assign / enable"							"DSP Edit assign 2"	"assign / enable"							"DSP Edit assign 2"	"assign / enable"							"DSP Edit assign 2"	"assign / enable"							"DSP Edit assign 2"	"assign / enable"							"DSP Edit assign 2"	"assign / enable"							"DSP Edit assign 2"	"assign / enable"							"DSP Edit assign 2"	"assign / enable"							"DSP Edit assign 2"	"assign / enable"							"DSP Edit assign 2"	"assign / enable"							"DSP Edit assign 2"	"assign / enable"							"DSP Edit assign 2"	"assign / enable"							"DSP Edit assign 2"	"assign / enable"							"DSP Edit assign 2"	"assign / enable"							"DSP Edit assign 2"	"assign / enable"							"DSP Edit assign 2"	"assign / enable"							"DSP Edit assign 2"	"assign / enable"							"DSP Edit assign 2"	"assign / enable"							"DSP Edit assign 2"	"assign / enable"							"DSP Edit assign 2"	"assign / enable"							"DSP Edit assign 2"	"assign / enable"							"DSP Edit assign 2"	"assign / enable"							"DSP Edit assign 2"	"assign / enable"							"DSP Edit assign 2"	"assign / enable"							"DSP Edit assign 2"	"assign / enable"							"DSP Edit assign 2"	"assign / enable"							"DSP Edit assign 2"	"assign / enable"							"DSP Edit assign 2"	"assign / enable"							"DSP Edit assign 2"	"assign / enable"							"DSP Edit assign 2"	"assign / enable"							"DSP Edit assign 2"	"assign / enable"							"DSP Edit assign 2"	"assign / enable"							"DSP Edit assign 2"	"assign / enable"							"DSP Edit assign 2"	"assign / enable"							"DSP Edit assign 2"	"assign / enable"							"DSP Edit assign 2"	"assign / enable"							"DSP Edit assign 2"	"assign / enable"							"DSP Edit assign 2"	"assign / enable"							"DSP Edit assign 2"	"assign / enable"							"DSP Edit assign 2"	"assign / enable"							"DSP Edit assign 2"	"assign / enable"							"DSP Edit assign 2"	"assign / enable"							"DSP Edit assign 2"	"assign / enable"							"DSP Edit assign 2"	"assign / enable"							"DSP Edit assign 2"	"assign / enable"							"DSP Edit assign 2"	"assign / enable"							"DSP Edit assign 2"	"assign / enable"							"DSP Edit assign 2"	"assign / enable"							"DSP Edit assign 2"	"assign / enable"							"DSP Edit assign 2"	"assign / enable"							"DSP Edit assign 2"	"assign / enable"							"DSP Edit assign 2"	"assign / enable"							"DSP Edit assign 2"	"assign / enable"							"DSP Edit assign 2"	"assign / enable"							"DSP Edit assign 2"	"assign / enable"							"DSP Edit assign 2"	"assign / enable"							"DSP Edit assign 2"	"assign / enable"							"DSP Edit assign 2"	"assign / enable"							"DSP Edit assign 2"	"assign / enable"							"DSP Edit assign 2"	"assign / enable"							"DSP Edit assign 2"	"assign / enable"							"DSP Edit assign 2"	"assign / enable"							"DSP Edit assign 2"	"assign / enable"							"DSP Edit assign 2"	"assign / enable"							"DSP Edit assign 2"	"assign / enable"							"DSP Edit assign 2"	"assign / enable"							"DSP Edit assign 2"	"assign / enable"							"DSP Edit assign 2"	"assign / enable"							"DSP Edit assign 2"	"assign / enable"							"DSP Edit assign 2"	"assign / enable"							"DSP Edit assign 2"	"assign / enable"							"DSP Edit assign 2"	"assign / enable"							"DSP Edit assign 2"	"assign / enable"							"DSP Edit assign 2"	"assign / enable"							"DSP Edit assign 2"	"assign / enable"							"DSP Edit assign 2"	"assign / enable"							"DSP Edit assign 2"	"assign / enable"							"DSP Edit assign 2"	"assign / enable"							"DSP Edit assign 2"	"assign / enable"							"DSP Edit assign 2"	"assign / enable"							"DSP Edit assign 2"	"assign / enable"							"DSP Edit assign 2"	"assign / enable"							"DSP Edit assign 2"	"assign / enable"							"DSP Edit assign 2"	"assign / enable"							"DSP Edit assign 2"	"assign / enable"							"DSP Edit assign 2"	"assign / enable"							"DSP Edit assign 2"	"assign / enable"							"DSP Edit assign 2"	"assign / enable"							"DSP Edit assign 2"	"assign / enable"							"DSP Edit assign 2"	"assign / enable"							"DSP Edit assign 2"	"assign / enable"							"DSP Edit assign 2"	"assign / enable"							"DSP Edit assign 2"	"assign / enable"							"DSP Edit assign 2"	"assign / enable"							"DSP Edit assign 2"	"assign / enable"							"DSP Edit assign 2"	"assign / enable"							"DSP Edit assign 2"	"assign / enable"							"DSP Edit assign 2"	"assign / enable"							"DSP Edit assign 2"	"assign / enable"							"DSP Edit assign 2"	"assign / enable"							"DSP Edit assign 2"	"assign / enable"							"DSP Edit assign 2"	"assign / enable"							"DSP Edit assign 2"	"assign / enable"
150	"b0"	54				"pot (encoder)"
151	90	02	54	14	"DSP Edit assign 8"	"bypass / in/out/Ø"	"Y"						"DSP Edit assign 2"	"bypass / in/out/Ø"							"DSP Edit assign 2"	"bypass / in/out/Ø"							"DSP Edit assign 2"	"bypass / in/out/Ø"							"DSP Edit assign 2"	"bypass / in/out/Ø"							"DSP Edit assign 2"	"bypass / in/out/Ø"							"DSP Edit assign 2"	"bypass / in/out/Ø"							"DSP Edit assign 2"	"bypass / in/out/Ø"							"DSP Edit assign 2"	"bypass / in/out/Ø"							"DSP Edit assign 2"	"bypass / in/out/Ø"							"DSP Edit assign 2"	"bypass / in/out/Ø"							"DSP Edit assign 2"	"bypass / in/out/Ø"							"DSP Edit assign 2"	"bypass / in/out/Ø"							"DSP Edit assign 2"	"bypass / in/out/Ø"							"DSP Edit assign 2"	"bypass / in/out/Ø"							"DSP Edit assign 2"	"bypass / in/out/Ø"							"DSP Edit assign 2"	"bypass / in/out/Ø"							"DSP Edit assign 2"	"bypass / in/out/Ø"							"DSP Edit assign 2"	"bypass / in/out/Ø"							"DSP Edit assign 2"	"bypass / in/out/Ø"							"DSP Edit assign 2"	"bypass / in/out/Ø"							"DSP Edit assign 2"	"bypass / in/out/Ø"							"DSP Edit assign 2"	"bypass / in/out/Ø"							"DSP Edit assign 2"	"bypass / in/out/Ø"							"DSP Edit assign 2"	"bypass / in/out/Ø"							"DSP Edit assign 2"	"bypass / in/out/Ø"							"DSP Edit assign 2"	"bypass / in/out/Ø"							"DSP Edit assign 2"	"bypass / in/out/Ø"							"DSP Edit assign 2"	"bypass / in/out/Ø"							"DSP Edit assign 2"	"bypass / in/out/Ø"							"DSP Edit assign 2"	"bypass / in/out/Ø"							"DSP Edit assign 2"	"bypass / in/out/Ø"							"DSP Edit assign 2"	"bypass / in/out/Ø"							"DSP Edit assign 2"	"bypass / in/out/Ø"							"DSP Edit assign 2"	"bypass / in/out/Ø"							"DSP Edit assign 2"	"bypass / in/out/Ø"							"DSP Edit assign 2"	"bypass / in/out/Ø"							"DSP Edit assign 2"	"bypass / in/out/Ø"							"DSP Edit assign 2"	"bypass / in/out/Ø"							"DSP Edit assign 2"	"bypass / in/out/Ø"							"DSP Edit assign 2"	"bypass / in/out/Ø"							"DSP Edit assign 2"	"bypass / in/out/Ø"							"DSP Edit assign 2"	"bypass / in/out/Ø"							"DSP Edit assign 2"	"bypass / in/out/Ø"							"DSP Edit assign 2"	"bypass / in/out/Ø"							"DSP Edit assign 2"	"bypass / in/out/Ø"							"DSP Edit assign 2"	"bypass / in/out/Ø"							"DSP Edit assign 2"	"bypass / in/out/Ø"							"DSP Edit assign 2"	"bypass / in/out/Ø"							"DSP Edit assign 2"	"bypass / in/out/Ø"							"DSP Edit assign 2"	"bypass / in/out/Ø"							"DSP Edit assign 2"	"bypass / in/out/Ø"							"DSP Edit assign 2"	"bypass / in/out/Ø"							"DSP Edit assign 2"	"bypass / in/out/Ø"							"DSP Edit assign 2"	"bypass / in/out/Ø"							"DSP Edit assign 2"	"bypass / in/out/Ø"							"DSP Edit assign 2"	"bypass / in/out/Ø"							"DSP Edit assign 2"	"bypass / in/out/Ø"							"DSP Edit assign 2"	"bypass / in/out/Ø"							"DSP Edit assign 2"	"bypass / in/out/Ø"							"DSP Edit assign 2"	"bypass / in/out/Ø"							"DSP Edit assign 2"	"bypass / in/out/Ø"							"DSP Edit assign 2"	"bypass / in/out/Ø"							"DSP Edit assign 2"	"bypass / in/out/Ø"							"DSP Edit assign 2"	"bypass / in/out/Ø"							"DSP Edit assign 2"	"bypass / in/out/Ø"							"DSP Edit assign 2"	"bypass / in/out/Ø"							"DSP Edit assign 2"	"bypass / in/out/Ø"							"DSP Edit assign 2"	"bypass / in/out/Ø"							"DSP Edit assign 2"	"bypass / in/out/Ø"							"DSP Edit assign 2"	"bypass / in/out/Ø"							"DSP Edit assign 2"	"bypass / in/out/Ø"							"DSP Edit assign 2"	"bypass / in/out/Ø"							"DSP Edit assign 2"	"bypass / in/out/Ø"							"DSP Edit assign 2"	"bypass / in/out/Ø"							"DSP Edit assign 2"	"bypass / in/out/Ø"							"DSP Edit assign 2"	"bypass / in/out/Ø"							"DSP Edit assign 2"	"bypass / in/out/Ø"							"DSP Edit assign 2"	"bypass / in/out/Ø"							"DSP Edit assign 2"	"bypass / in/out/Ø"							"DSP Edit assign 2"	"bypass / in/out/Ø"							"DSP Edit assign 2"	"bypass / in/out/Ø"							"DSP Edit assign 2"	"bypass / in/out/Ø"							"DSP Edit assign 2"	"bypass / in/out/Ø"							"DSP Edit assign 2"	"bypass / in/out/Ø"							"DSP Edit assign 2"	"bypass / in/out/Ø"							"DSP Edit assign 2"	"bypass / in/out/Ø"							"DSP Edit assign 2"	"bypass / in/out/Ø"							"DSP Edit assign 2"	"bypass / in/out/Ø"							"DSP Edit assign 2"	"bypass / in/out/Ø"							"DSP Edit assign 2"	"bypass / in/out/Ø"							"DSP Edit assign 2"	"bypass / in/out/Ø"							"DSP Edit assign 2"	"bypass / in/out/Ø"							"DSP Edit assign 2"	"bypass / in/out/Ø"							"DSP Edit assign 2"	"bypass / in/out/Ø"							"DSP Edit assign 2"	"bypass / in/out/Ø"							"DSP Edit assign 2"	"bypass / in/out/Ø"							"DSP Edit assign 2"	"bypass / in/out/Ø"							"DSP Edit assign 2"	"bypass / in/out/Ø"							"DSP Edit assign 2"	"bypass / in/out/Ø"							"DSP Edit assign 2"	"bypass / in/out/Ø"							"DSP Edit assign 2"	"bypass / in/out/Ø"							"DSP Edit assign 2"	"bypass / in/out/Ø"							"DSP Edit assign 2"	"bypass / in/out/Ø"							"DSP Edit assign 2"	"bypass / in/out/Ø"							"DSP Edit assign 2"	"bypass / in/out/Ø"							"DSP Edit assign 2"	"bypass / in/out/Ø"							"DSP Edit assign 2"	"bypass / in/out/Ø"							"DSP Edit assign 2"	"bypass / in/out/Ø"							"DSP Edit assign 2"	"bypass / in/out/Ø"							"DSP Edit assign 2"	"bypass / in/out/Ø"							"DSP Edit assign 2"	"bypass / in/out/Ø"							"DSP Edit assign 2"	"bypass / in/out/Ø"							"DSP Edit assign 2"	"bypass / in/out/Ø"							"DSP Edit assign 2"	"bypass / in/out/Ø"							"DSP Edit assign 2"	"bypass / in/out/Ø"							"DSP Edit assign 2"	"bypass / in/out/Ø"							"DSP Edit assign 2"	"bypass / in/out/Ø"							"DSP Edit assign 2"	"bypass / in/out/Ø"							"DSP Edit assign 2"	"bypass / in/out/Ø"							"DSP Edit assign 2"	"bypass / in/out/Ø"							"DSP Edit assign 2"	"bypass / in/out/Ø"							"DSP Edit assign 2"	"bypass / in/out/Ø"							"DSP Edit assign 2"	"bypass / in/out/Ø"							"DSP Edit assign 2"	"bypass / in/out/Ø"							"DSP Edit assign 2"	"bypass / in/out/Ø"							"DSP Edit assign 2"	"bypass / in/out/Ø"							"DSP Edit assign 2"	"bypass / in/out/Ø"
152	90	00	55	15		"counter mode"	"Y"	"MP recv: c:1 s:30 d:90 00 55 4e 00 00 00 00 00 00 00 00 00 00 00 00 00 00 00 00 00 00 00 00 00 00 00 00 00 00"	"MP recv: c:1 s:30 d:90 00 15 00 00 00 00 00 00 00 00 00 00 00 00 00 00 00 00 00 00 00 00 00 00 00 00 00 00 00"
153	90	01	55	15	"DSP EDIT ASSIGN"	"info"	"Y"
154	90	02	55	15	"DSP EDIT ASSIGN"	"inserts / parameter"	"Y"
155	90	03	55	15	"DSP EDIT ASSIGN"	"sends"	"Y"
156	90	04	55	15	"groups  (DSP edit)"	"create"	"Y"
157	90	05	55	15	"groups  (DSP edit)"	"enable"	"Y"
158	90	06	55	15	"groups  (DSP edit)"	"edit"	"Y"
159	90	07	55	15	"groups  (DSP edit)"	"select"	"Y"
160	90	08	55	15	"groups  (DSP edit)"	"suspend"	"Y"
161	90	09	55	15	"channel/group (DSP edit)"	"compare"	"Y"
162	90	"0a"	55	15	"channel/group (DSP edit)"	"master bypass"	"Y"
163	90	00	56	16	"control room"	"mix to aux"	"Y"	"MP recv: c:1 s:30 d:90 00 56 6f 00 00 00 00 00 00 00 00 00 00 00 00 00 00 00 00 00 00 00 00 00 00 00 00 00 00"	"MP recv: c:1 s:30 d:90 00 16 6f 00 00 00 00 00 00 00 00 00 00 00 00 00 00 00 00 00 00 00 00 00 00 00 00 00 00"
164	90	01	56	16	"control room"	"stereo mix"	"Y"
165	90	02	56	16	"control room"	"SRC 1 (3-4)"	"Y"
166	90	03	56	16	"control room"	"SRC 2 5-6"	"Y"
167	90	04	56	16	"control room"	"SRC 3"	"Y"
168	90	05	56	16	"control room"	"mono"	"Y"
169	90	06	56	16	"control room"	"dim"	"Y"
170	90	07	56	16	"control room"	"mute"	"Y"
171	90	00	57	17	"channel matrix"	"go to"	"Y"
172	90	01	57	17	"channel matrix"	"1 / A"	"Y"
173	90	02	57	17	"channel matrix"	"2 / B"	"Y"
174	90	03	57	17	"channel matrix"	"3 / C"	"Y"
175	90	04	57	17	"channel matrix"	"4 / D"	"Y"
176	90	05	57	17	"channel matrix"	"5 / E"	"Y"
177	90	06	57	17	"channel matrix"	"6 / F"	"Y"
178	90	07	57	17	"channel matrix"	"7 / G"	"Y"
179	90	08	57	17	"channel matrix"	"8 / H"	"Y"
180	90	09	57	17	"channel matrix"	"9 / I"	"Y"
181	90	"0a"	57	17	"channel matrix"	"10 / J"	"Y"
182	90	"0b"	57	17	"channel matrix"	"11 / K"	"Y"
183	90	"0c"	57	17	"channel matrix"	"12 / L"	"Y"
184	90	"0d"	57	17	"channel matrix"	"13 / M"	"Y"
185	90	"0e"	57	17	"channel matrix"	"14 / N"	"Y"
186	90	"0f"	57	17	"channel matrix"	"15 / O"	"Y"
187	90	10	57	17	"channel matrix"	"16 / P"	"Y"
188	90	11	57	17	"channel matrix"	"17 / Q"	"Y"
189	90	12	57	17	"channel matrix"	"18 / R"	"Y"
190	90	13	57	17	"channel matrix"	"19 / S"	"Y"
191	90	14	57	17	"channel matrix"	"20 / T"	"Y"
192	90	15	57	17	"channel matrix"	"21 / U"	"Y"
193	90	16	57	17	"channel matrix"	"22 / V"	"Y"
194	90	17	57	17	"channel matrix"	"23 / W"	"Y"
195	90	18	57	17	"channel matrix"	"24 / X"	"Y"
196	90	19	57	17	"channel matrix"	"25 / Y"	"Y"
197	90	"1a"	57	17	"channel matrix"	"26 / Z"	"Y"
198	90	"1b"	57	17	"channel matrix"	"27 / Shift"	"Y"
199	90	"1c"	57	17	"channel matrix"	"28 / Cap lock"	"Y"
200	90	"1d"	57	17	"channel matrix"	"29 / # "	"Y"
201	90	"1e"	57	17	"channel matrix"	"30 /  &"	"Y"
202	90	"1f"	57	17	"channel matrix"	"31 / delete"	"Y"
203	90	20	57	17	"channel matrix"	"32 / space"	"Y"
204	90	21	57	17	"channel matrix"	"alpha"	"Y"
205	90		57	17			"Y"
206	90	23	57	17		"master faders"	"Y"
207	90	24	57	17	"channel matrix - Status"	"select"	"Y"
208	90	25	57	17	"channel matrix - Status"	"mute"	"Y"
209	90	26	57	17	"channel matrix - Status"	"solo"	"Y"
210	90	27	57	17	"channel matrix - Status"	"rec rdy"	"Y"
211	90	28	57	17	"channel matrix - Status"	"snapshot"	"Y"
212	90	29	57	17	"channel matrix - Status"	"clr all"	"Y"
213	90	"2a"	57	17	"channel matrix - Status"	"param/ pages"	"Y"
214	90	"2b"	57	17	"channel matrix"	"view"	"Y"
215	90	"2c"	57	17	"channel matrix - Banks"	"A 1-32"	"Y"
216	90	"2d"	57	17	"channel matrix - Banks"	"B 33 - 64"	"Y"
217	90	"2e"	57	17	"channel matrix - Banks"	"C 65 - 96"	"Y"
218	90	"2f"	57	17	"channel matrix - Banks"	"D 97 - 128"	"Y"
219	90	30	57	17	"channel Matrix  - escape"		"Y"
220	90	00	58	18	"Zoom / Sel"	"up"	"N"
221	90	01	58	18	"Zoom / Sel"	"prev / left"	"N"
222	90	02	58	18	"Zoom / Sel"	"zoom / Sel"	"Y"
223	90	03	58	18	"Zoom / Sel"	"next / right"	"N"
224	90	04	58	18	"Zoom / Sel"	"down"	"N"
225	90	00	59	19	"windows"	"mix"	"Y"
226	90	01	59	19	"windows"	"edit"	"Y"
227	90	02	59	19	"windows"	"status"	"Y"
228	90	03	59	19	"windows"	"transport"	"Y"
229	90	04	59	19	"windows"	"plug in"	"Y"
230	90	05	59	19	"windows"	"mem location"	"Y"
231	90	06	59	19		"undo"	"Y"
232	90	07	59	19		"save"	"Y"
233	90	00	"5a"	"1a"	"keypad"	0	"Y"
234	90	01	"5a"	"1a"	"keypad"	1	"Y"
235	90	02	"5a"	"1a"	"keypad"	2	"Y"
236	90	03	"5a"	"1a"	"keypad"	3	"Y"
237	90	04	"5a"	"1a"	"keypad"	4	"Y"
238	90	05	"5a"	"1a"	"keypad"	5	"Y"
239	90	06	"5a"	"1a"	"keypad"	6	"Y"
240	90	07	"5a"	"1a"	"keypad"	7	"Y"
241	90	08	"5a"	"1a"	"keypad"	8	"Y"
242	90	09	"5a"	"1a"	"keypad"	9	"Y"
243	90	"0a"	"5a"	"1a"	"keypad"	"clr"	"Y"
244	90	"0b"	"5a"	"1a"	"keypad"	"="	"Y"
245	90	"0c"	"5a"	"1a"	"keypad"	"/"	"Y"
246	90	"0d"	"5a"	"1a"	"keypad"	"*"	"Y"
247	90	"0e"	"5a"	"1a"	"keypad"	"-"	"Y"
248	90	"0f"	"5a"	"1a"	"keypad"	"+"	"Y"
249	90	10	"5a"	"1a"	"keypad"	"""."""	"Y"
250	90	11	"5a"	"1a"	"keypad"	"enter"	"Y"
251	90	00	"5b"	"1b"	"edit mode"	"shuffle"	"Y"
252	90	01	"5b"	"1b"	"edit mode"	"slip"	"Y"
253	90	02	"5b"	"1b"	"edit mode"	"spot"	"Y"
254	90	03	"5b"	"1b"	"edit mode"	"grid"	"Y"
255	90	04	"5b"	"1b"	"edit functions"	"cut"	"n"
256	90	05	"5b"	"1b"	"edit functions"	"copy"	"n"
257	90	06	"5b"	"1b"	"edit functions"	"paste"	"n"
258	90	07	"5b"	"1b"	"edit functions"	"delete"	"n"
259	90	08	"5b"	"1b"	"edit functions"	"separate"	"n"
260	90	09	"5b"	"1b"	"edit functions"	"capture"	"n"
261	90	"0a"	"5b"	"1b"	"Bank select"	"left"	"n"
262	90	"0b"	"5b"	"1b"	"bank select"	"nudge"	"Y"
263	90	"0c"	"5b"	"1b"	"bank select"	"right"	"n"
264	90	"0d"	"5b"	"1b"	"edit tool"	"trim"	"Y"
265	90	"0e"	"5b"	"1b"	"edit tool"	"select"	"Y"
266	90	"0f"	"5b"	"1b"	"edit tool"	"grab"	"Y"
267	90	10	"5b"	"1b"	"edit tool"	"pencil"	"Y"
268	90	00	"5c"	"1c"	"TRANSPORT"	"audition"	"Y"
269	90	01	"5c"	"1c"	"TRANSPORT"	"pre"	"Y"
270	90	02	"5c"	"1c"	"TRANSPORT"	"in"	"Y"
271	90	03	"5c"	"1c"	"TRANSPORT"	"out"	"Y"
272	90	04	"5c"	"1c"	"TRANSPORT"	"post"	"Y"
273	90	05	"5c"	"1c"	"TRANSPORT"	"online"	"Y"
274	90	06	"5c"	"1c"	"TRANSPORT"	"home (beginning of project)"	"Y"
275	90	07	"5c"	"1c"	"TRANSPORT"	"end (of project)"	"Y"
276	90	08	"5c"	"1c"	"TRANSPORT"	"ext trans"	"Y"
277	90	09	"5c"	"1c"	"TRANSPORT"	"loop playback"	"Y"
278	90	"0a"	"5c"	"1c"	"TRANSPORT"	"loop rec"	"Y"
279	90	"0b"	"5c"	"1c"	"TRANSPORT"	"quick punch"	"Y"
280	90	"0c"	"5c"	"1c"	"TRANSPORT"	"talk back"	"Y"
281	90	"0d"	"5c"	"1c"	"TRANSPORT"	"rew"	"Y"
282	90	"0e"	"5c"	"1c"	"TRANSPORT"	"FF"	"Y"
283	90	"0f"	"5c"	"1c"	"TRANSPORT"	"stop"	"Y"
284	90	10	"5c"	"1c"	"TRANSPORT"	"play"	"Y"
285	90	11	"5c"	"1c"	"TRANSPORT"	"rec"	"Y"
286	"f0 13 00 60 "	01	10	00	"touch pad "	"left button"	"n"
287	"f0 13 00 60"	01	20	0	"touch pad "	"right button"	"n"
288	"fo 13 00 60"	01			"touch pad "	"touch pad"	"n"
289	"b0 5c 3f"				"jog wheel"		"n"
